simulation_id,type,top_n,stop_loss,max_position,target_vol,annual_return,sharpe,max_drawdown,win_rate,total_return
1,original,48,0.1496347037278974,0.14246936182785627,0.2063374428959916,0.7701487267385803,0.25109343312306226,-0.09729501993241206,0.6933333333333334,45.78020416602871
2,antithetic,12,0.2003652962721026,0.05753063817214374,0.24366255710400841,0.47269670746950865,0.2552463817692884,-0.0783306830728368,0.6666666666666666,11.68445277244244
3,original,38,0.10953375254290355,0.1377339353380981,0.16409729097613035,0.7941165728312438,0.2585733151715447,-0.09729501993241206,0.7866666666666666,53.02127503153589
4,antithetic,22,0.24046624745709644,0.062266064661901904,0.28590270902386966,0.3778017778477307,0.2621327239268965,-0.09303735724908668,0.64,7.09121715650066
5,original,24,0.14664734825734935,0.07579416277151556,0.23674202114942608,0.5074270527166759,0.29631158362856475,-0.06660317924465296,0.76,15.375401840163992
6,antithetic,36,0.20335265174265063,0.12420583722848445,0.21325797885057393,0.6399155728205198,0.23608652045430822,-0.09114184814577492,0.68,24.08899949486659
7,original,17,0.14877749830401207,0.1159984046034179,0.1553913410695113,0.6846300553647672,0.2528978085709974,-0.08339558200125698,0.7066666666666667,31.8813257567367
8,antithetic,43,0.2012225016959879,0.08400159539658211,0.2946086589304887,0.5153973800842936,0.254613925769064,-0.09092479893280278,0.68,14.43999424214233
9,original,30,0.2094409267507096,0.13172222002012157,0.21983970271986902,0.7126740143649095,0.23214821267634114,-0.10521772218093511,0.6266666666666667,32.133957680927324
10,antithetic,30,0.14055907324929037,0.06827777997987844,0.230160297280131,0.4922353561998919,0.3101137896499147,-0.06031679966971769,0.7866666666666666,14.540816325946915
11,original,48,0.19563362070328197,0.10552008115994622,0.23139669520613648,0.5969091146786406,0.24499393557887636,-0.08794111876414096,0.6666666666666666,20.630583758475687
12,antithetic,12,0.154366379296718,0.09447991884005379,0.21860330479386353,0.5916216910486449,0.2695860875625138,-0.08111164002521133,0.7333333333333333,22.030184559425923
13,original,28,0.233081911386449,0.10296505783560064,0.19298118781924264,0.5645710850990333,0.23141264811377227,-0.08794111876414111,0.6666666666666666,16.788540296701967
14,antithetic,32,0.11691808861355099,0.09703494216439937,0.2570188121807574,0.639109671900072,0.29065776777570157,-0.07448130596342435,0.8266666666666667,29.593465938863996
15,original,32,0.1708322387742924,0.07418522909004517,0.2386249890853516,0.484513522064583,0.2826576461525728,-0.07287225488558391,0.68,13.249526013110538
16,antithetic,28,0.17916776122570757,0.12581477090995485,0.21137501091464841,0.7440959887359528,0.24288119549307752,-0.10521772218093513,0.6533333333333333,39.1121033287972
17,original,20,0.11793913689074526,0.05931027678058992,0.1545750374908574,0.47540370529737763,0.33466423689090147,-0.06604519585407585,0.84,13.74546617594029
18,antithetic,40,0.23206086310925472,0.1406897232194101,0.29542496250914263,0.7087259102329679,0.23030260350910872,-0.11122064526932098,0.6,31.169261826774424
19,original,20,0.20698671808344926,0.13972157579533268,0.15560222831238216,0.7083695730223261,0.23087310662855973,-0.10521772218093516,0.6266666666666667,31.34819971378367
20,antithetic,40,0.14301328191655072,0.060278424204667336,0.2943977716876178,0.46801904806070066,0.3270609801490163,-0.09131626766598472,0.8,13.028188360575513
21,original,33,0.21411775729253463,0.14004180571633304,0.2733900840989487,0.7169131418360535,0.23333666561287567,-0.10521772218093539,0.6266666666666667,32.90254047832961
22,antithetic,27,0.13588224270746535,0.05995819428366697,0.1766099159010513,0.4640750512849372,0.3259323657501402,-0.06604519585407574,0.8266666666666667,12.753734153275998
23,original,45,0.18419157963542443,0.1133101457273268,0.20402859621168942,0.6532410077310227,0.24107854916382074,-0.09114184814577472,0.68,26.179045346363374
24,antithetic,15,0.16580842036457555,0.08668985427267321,0.2459714037883106,0.5488740116600267,0.27263246014910986,-0.07796887591739757,0.72,17.998883866566754
25,original,49,0.21564507699318414,0.08390297910487007,0.1690590768977827,0.49273874972677517,0.24400970073563555,-0.07652144009321603,0.6666666666666666,12.512194803691632
26,antithetic,11,0.13435492300681584,0.11609702089512994,0.2809409231022173,0.7172812031732609,0.26402997598236405,-0.0867541985450793,0.7466666666666667,38.78682823319812
27,original,33,0.1740693394546586,0.08492095746126609,0.22833648900822065,0.5431134651585471,0.2697776422867527,-0.07695142441943695,0.72,17.355989823893893
28,antithetic,27,0.17593066054534137,0.11507904253873392,0.22166351099177936,0.6641822934722298,0.2454727437597595,-0.09114184814577479,0.7066666666666667,28.087157305929814
29,original,12,0.1784099244072991,0.12259556788702393,0.2654990329647916,0.6696231547433144,0.24735951334391248,-0.0917238591804521,0.7066666666666667,29.010587275624555
30,antithetic,48,0.17159007559270087,0.07740443211297608,0.1845009670352084,0.5018275459502111,0.2721193126796307,-0.06855837892402787,0.7066666666666667,14.18271720163695
31,original,31,0.16413115275378246,0.1397110259952577,0.18237315412452648,0.7494650492987573,0.2449271184589641,-0.10001165998809529,0.68,40.527998302494524
32,antithetic,29,0.18586884724621752,0.06028897400474231,0.26762684587547353,0.4226857405920362,0.29527460047151377,-0.09155561196233032,0.7333333333333333,9.664237451615282
33,original,11,0.10381286901161428,0.13870864242651174,0.24343357137285002,0.8106239713857213,0.26402450810684064,-0.0972950199324122,0.8133333333333334,58.55719277144005
34,antithetic,49,0.24618713098838568,0.061291357573488275,0.20656642862715,0.36966951705521056,0.2595798518796973,-0.07364876562917799,0.64,6.751164813862945
35,original,33,0.11618371404899568,0.1279875545857624,0.1628021197490652,0.7901462517074738,0.25717441695186194,-0.09729501993241209,0.7866666666666666,51.72204380580202
36,antithetic,27,0.2338162859510043,0.07201244541423762,0.28719788025093484,0.4263269701900685,0.24642637178763413,-0.08406126458589672,0.6133333333333333,8.949833636069618
37,original,39,0.10471437785301015,0.11420316461542877,0.15775225817529115,0.7220011236712806,0.26678879510514836,-0.08339558200125695,0.8133333333333334,40.227652857890625
38,antithetic,21,0.24528562214698985,0.08579683538457124,0.29224774182470886,0.4846307898673653,0.23877174857081457,-0.08979762636494348,0.64,11.789618755250574
39,original,47,0.19546156168956705,0.058413996499504885,0.2297031947352222,0.39568851508229086,0.29238841527690124,-0.07601736569156585,0.7066666666666667,8.25484980495872
40,antithetic,13,0.15453843831043293,0.14158600350049513,0.22029680526477782,0.7607993977940424,0.2482114802290932,-0.10001165998809528,0.6933333333333334,43.279905432401804
41,original,11,0.147153397161449,0.06616287140946138,0.23109526824151597,0.5691890717020675,0.28291988951851743,-0.07089398425707093,0.7733333333333333,20.490963891358835
42,antithetic,49,0.20284660283855097,0.13383712859053865,0.21890473175848404,0.7183120876751596,0.23401384228281372,-0.10521772218093509,0.6266666666666667,33.26813651767991
43,original,30,0.17628560367470542,0.1398554188527079,0.24561448522473098,0.7488959838857994,0.24439218989608885,-0.10521772218093517,0.6533333333333333,40.238766749106304
44,antithetic,30,0.17371439632529456,0.0601445811472921,0.20438551477526903,0.43192667836922766,0.3037412613771044,-0.0744211996179703,0.7466666666666667,10.322836486086201
45,original,42,0.23613497108891396,0.110642905965959,0.2589137000583992,0.5703304319421534,0.2334451031766241,-0.0930859188346104,0.6666666666666666,17.367927329778194
46,antithetic,18,0.11386502891108602,0.08935709403404102,0.1910862999416008,0.5914377037625778,0.29393439209004213,-0.06704405451030485,0.8133333333333334,23.599993498839456
47,original,21,0.13739383437233124,0.05091970516166297,0.2963778119193802,0.4361543999649887,0.3502957518235617,-0.07958537973054765,0.76,11.153119939738842
48,antithetic,39,0.21260616562766874,0.14908029483833704,0.15362218808061984,0.8130028077562742,0.2283297668244812,-0.0585591007192796,0.6533333333333333,47.55515790174853
49,original,31,0.16155743845534445,0.060147154286603215,0.22744505224517927,0.44246023940858376,0.3103448899194389,-0.07921670003013317,0.7466666666666667,11.04992026634672
50,antithetic,29,0.18844256154465552,0.1398528457133968,0.22255494775482074,0.7309587924208972,0.2380839892488359,-0.10521772218093527,0.64,35.91947361031614
51,original,34,0.2133326707814573,0.11635017691080558,0.1984434709411869,0.632561571535347,0.23333754040049132,-0.09114184814577486,0.68,23.007985233228027
52,antithetic,26,0.1366673292185427,0.08364982308919443,0.2515565290588131,0.5813470348581657,0.2879441503728966,-0.0715664027856378,0.7733333333333333,22.067093127813063
53,original,36,0.13431972482374338,0.05050615838462187,0.2692779292153055,0.43842982293813026,0.3539486758520303,-0.07523847971537707,0.76,11.3482796520742
54,antithetic,24,0.2156802751762566,0.14949384161537815,0.1807220707846945,0.8106582698174771,0.22758838801758513,-0.05855910071927965,0.6533333333333333,46.83198794910378
55,original,37,0.11154698647431896,0.06608080514174987,0.19062483768931113,0.49138850189489464,0.327518816767936,-0.07197835863915099,0.84,14.875072639029154
56,antithetic,23,0.23845301352568102,0.13391919485825016,0.2593751623106889,0.7005109567405359,0.22761476616551196,-0.11121085975479102,0.5866666666666667,29.63806956300731
57,original,25,0.14346271793706522,0.10487337893665861,0.2158457131058454,0.6461372391447614,0.26627802113150284,-0.08004734985548233,0.7466666666666667,28.234261869287625
58,antithetic,35,0.20653728206293476,0.0951266210633414,0.2341542868941546,0.5447701853163296,0.24713129772668363,-0.08483960113180532,0.6666666666666666,16.28929762558917
59,original,24,0.12418319308810066,0.11918951976926932,0.1617684572013399,0.7088976803771365,0.2614230215097897,-0.08339558200125703,0.7866666666666666,37.00630278587691
60,antithetic,36,0.22581680691189931,0.08081048023073069,0.28823154279866015,0.45300749125570894,0.24362238806397427,-0.08745083493777388,0.6266666666666667,10.217972313777718
61,original,12,0.23945464785138595,0.11519612595026005,0.1538026115123186,0.6109244300318508,0.22505547613168506,-0.09686244011401902,0.6666666666666666,20.04710266787619
62,antithetic,48,0.11054535214861402,0.08480387404973996,0.2961973884876814,0.6084407770835896,0.30153721688403845,-0.0778159517021745,0.8133333333333334,26.13866781544254
63,original,46,0.22121805693466254,0.07242693094605598,0.29439726220168877,0.4344132917618661,0.25096843725475393,-0.08508035251917773,0.6133333333333333,9.445334370146663
64,antithetic,14,0.12878194306533744,0.12757306905394403,0.15560273779831124,0.7848854998222887,0.2553115020413683,-0.09729501993241198,0.76,50.04204818388607
65,original,16,0.1950105634765635,0.12121792213475359,0.27539701807683087,0.6539154699432949,0.24091118379897355,-0.09299012318248057,0.68,26.193823817174355
66,antithetic,44,0.15498943652343647,0.07878207786524642,0.17460298192316914,0.5123723505757053,0.2778968953921918,-0.06539562849273509,0.72,15.184274543302198
67,original,30,0.23071908852815765,0.07372490874968,0.25439613091405466,0.4260961537837643,0.2469638994961176,-0.0765252035832835,0.6133333333333333,8.95849131689221
68,antithetic,30,0.11928091147184233,0.12627509125032,0.19560386908594535,0.7940421799271112,0.2584020707615276,-0.09729501993241209,0.7866666666666666,52.92000890366936
69,original,18,0.22055081153486716,0.08253996981592678,0.2113429416621405,0.45201225438934467,0.2438765988512407,-0.06898964524306801,0.64,10.188616818973248
70,antithetic,42,0.12944918846513281,0.11746003018407324,0.23865705833785952,0.7149453242225792,0.26333995079268624,-0.08339558200125712,0.7733333333333333,38.294679768902526
71,original,48,0.12798550883290538,0.12464914051180241,0.17599414801062685,0.708337102091759,0.26113247210090607,-0.08339558200125691,0.7733333333333333,36.856274949822485
72,antithetic,12,0.2220144911670946,0.0753508594881976,0.27400585198937316,0.45461995059207777,0.24434075809362638,-0.08422807689297485,0.64,10.323942115184972
73,original,27,0.23388384977349666,0.11496328990472146,0.1734655564006629,0.6162219663947452,0.22711974109039668,-0.09686244011401879,0.6666666666666666,20.742705582218125
74,antithetic,33,0.11611615022650332,0.08503671009527855,0.2765344435993371,0.6025625775384608,0.29858744964243034,-0.07713037107047413,0.8133333333333334,25.200859444125403
75,original,13,0.1809013362873476,0.13492234104941778,0.18753643472468928,0.7391910773255276,0.2412369018543631,-0.10521772218093535,0.6533333333333333,37.951399079765956
76,antithetic,47,0.16909866371265236,0.06507765895058223,0.26246356527531073,0.4481511324570894,0.2973921832856319,-0.09834214365914169,0.7333333333333333,11.180283492822442
77,original,34,0.22111602327460939,0.11576128923003433,0.23238399970591805,0.6284877960313143,0.2316838598290252,-0.09114184814577485,0.68,22.397267060806303
78,antithetic,26,0.1288839767253906,0.08423871076996568,0.21761600029408196,0.5838208994362151,0.2898053586711007,-0.06704975479352124,0.7866666666666666,22.467933898226107
79,original,23,0.234413694988524,0.10683086033354716,0.2571893884050093,0.5702247029911174,0.23341591044967763,-0.09260805243881447,0.6666666666666666,17.358241614523074
80,antithetic,37,0.11558630501147599,0.09316913966645285,0.1928106115949907,0.6283291531752927,0.28604755387412745,-0.07448130596342438,0.8266666666666667,27.73159338834043
81,original,18,0.1477005212457796,0.05936747678280925,0.24902960650765968,0.4557291541408861,0.31929459108564584,-0.08198466949335209,0.8,12.047136648731525
82,antithetic,42,0.20229947875422039,0.14063252321719077,0.20097039349234033,0.7161715115893549,0.2333525816112798,-0.10521772218093518,0.6266666666666667,32.851100691743646
83,original,35,0.11650778867915151,0.08677158030594335,0.19199008454189143,0.5903550795749255,0.29333177307240604,-0.06704405451030487,0.8133333333333334,23.435694304936394
84,antithetic,25,0.23349221132084846,0.11322841969405666,0.2580099154581086,0.6242416405021631,0.22982698766183834,-0.09686244011401877,0.6666666666666666,21.755889660453892
85,original,11,0.13419027438129125,0.07652023676817254,0.2932297920994791,0.5897649362561416,0.29179344455012585,-0.08014829856939372,0.7733333333333333,23.2242038947612
86,antithetic,49,0.21580972561870873,0.12347976323182747,0.15677020790052093,0.6275716007226733,0.23147324199316127,-0.09114184814577479,0.68,22.301235164524602
87,original,29,0.16406616829393844,0.07439896433790835,0.26068453750436527,0.4889716686760265,0.2850139365179026,-0.07515128041850497,0.6933333333333334,13.626311027530798
88,antithetic,31,0.18593383170606154,0.12560103566209166,0.18931546249563475,0.7276496289895868,0.23708527481073824,-0.1052177221809351,0.64,35.236288536863675
89,original,37,0.22270221488837397,0.14730105547524455,0.2331531078767101,0.8126908148485845,0.2280374476443611,-0.05855910071927961,0.6533333333333333,47.31435992601817
90,antithetic,23,0.127297785111626,0.05269894452475546,0.21684689212328992,0.4467125389720863,0.3450100185482214,-0.06734439531969118,0.8,11.808828175017087
91,original,16,0.2291095874884515,0.08930977246667604,0.24175811193515281,0.487128128246092,0.24093719777135658,-0.07843110353053323,0.6533333333333333,12.040960342739163
92,antithetic,44,0.12089041251154847,0.11069022753332397,0.2082418880648472,0.6649712227168209,0.27307198555098616,-0.08004734985548209,0.8,31.642463175895116
93,original,17,0.10104281957967862,0.13920465551771133,0.2129400093641685,0.8093154791560281,0.2637477995038199,-0.09729501993241202,0.8133333333333334,58.18588799283999
94,antithetic,43,0.24895718042032136,0.06079534448228868,0.23705999063583152,0.36667881990131745,0.2574941361233739,-0.08256997713057994,0.64,6.609245841005782
95,original,44,0.17661209538663486,0.11311386259972629,0.1871596484251736,0.660844589475885,0.24432592218877844,-0.09114184814577485,0.7066666666666667,27.537476638365245
96,antithetic,16,0.17338790461336512,0.08688613740027372,0.26284035157482644,0.5465979588276965,0.27107626739604973,-0.08478961102742605,0.72,17.708910954427466
97,original,23,0.16261165047231685,0.12948113035416484,0.20339590179768924,0.7525313177819486,0.24594908067154642,-0.10001165998809523,0.6933333333333334,41.29303283371933
98,antithetic,37,0.18738834952768313,0.07051886964583517,0.24660409820231077,0.4497287625267003,0.28183160122206385,-0.07163262749587845,0.68,10.98041445471148
99,original,26,0.13331617157060954,0.10026370931051921,0.26367691656965536,0.6614797513232179,0.2714543290031855,-0.0868865137634503,0.76,30.912787953624832
100,antithetic,34,0.21668382842939043,0.0997362906894808,0.18632308343034465,0.5349877755502578,0.24270177723532915,-0.08483960113180515,0.6666666666666666,15.305582026949963
101,original,45,0.11797980510005243,0.10769038846263591,0.15215902329446337,0.65812814236193,0.270370213255061,-0.08004734985548234,0.8133333333333334,30.364785846837318
102,antithetic,15,0.23202019489994755,0.0923096115373641,0.29784097670553666,0.5342204213261861,0.2413392742451145,-0.09126907169804785,0.6533333333333333,15.138639456536378
103,original,49,0.1506422757105442,0.09925176938188639,0.16741089607603743,0.591077415376206,0.269896861998331,-0.07770623331811607,0.7466666666666667,22.017745657990687
104,antithetic,11,0.19935772428945578,0.10074823061811362,0.2825891039239626,0.5951366859290781,0.2440354839596677,-0.1000299308249119,0.6666666666666666,20.36336589765915
105,original,13,0.24143645558687787,0.06952429877980446,0.1569003963032629,0.41566972936869884,0.24178844442477035,-0.0642800901831915,0.6,8.377938918553024
106,antithetic,47,0.1085635444131221,0.13047570122019556,0.2930996036967371,0.8159801315333851,0.26561709048319493,-0.09729501993241212,0.8,60.37056528066371
107,original,11,0.1484804398031133,0.12224521152615053,0.15610932034784553,0.6847005273196843,0.25292327198415265,-0.08339558200125691,0.7066666666666667,31.89488610414282
108,antithetic,49,0.2015195601968867,0.07775478847384948,0.2938906796521545,0.4766964996417138,0.25665829045999505,-0.08952794423929979,0.6666666666666666,11.957165328869534
109,original,15,0.17781859326150493,0.07807723624408558,0.2783190876016511,0.5022728730349609,0.2711026153496601,-0.08689391770554454,0.6933333333333334,14.154676467892278
110,antithetic,45,0.17218140673849505,0.12192276375591443,0.17168091239834893,0.6627850892122313,0.245165034890578,-0.09114184814577468,0.7066666666666667,27.896750630918955
111,original,13,0.20545284383427667,0.05243159664314539,0.25554867890700356,0.4458445436014737,0.25884679256465226,-0.07772623233333353,0.6266666666666667,10.237982994071288
112,antithetic,47,0.1445471561657233,0.14756840335685462,0.19445132109299645,0.8754524678243953,0.24634788002554706,-0.05517752325448085,0.7733333333333333,69.64652576958956
113,original,38,0.1545444403568941,0.11454722959071678,0.22112607436309878,0.6808249990348809,0.251525350849641,-0.08652414369523508,0.7066666666666667,31.11884963172264
114,antithetic,22,0.19545555964310588,0.08545277040928323,0.22887392563690123,0.5168232606477974,0.25614728028504274,-0.07679072699185628,0.68,14.63218686177678
115,original,27,0.2457673124081441,0.06771106794070489,0.16467512409765023,0.39473010786631246,0.2475472039222805,-0.06258949669003393,0.6133333333333333,7.591108543388497
116,antithetic,33,0.10423268759185589,0.13228893205929512,0.2853248759023498,0.8172946842372528,0.2661368389670246,-0.09729501993241212,0.8133333333333334,60.898250829605644
117,original,35,0.2443670942413167,0.1440458584352914,0.22374238126752485,0.7991202781443503,0.22396318618414382,-0.058559100719279576,0.64,43.43872243157908
118,antithetic,25,0.10563290575868328,0.0559541415647086,0.22625761873247516,0.47971803092802423,0.3557821911439774,-0.07397348131015971,0.8666666666666667,14.421435242306261
119,original,43,0.13776734437380464,0.14539285770025873,0.22102076561708484,0.882466577830165,0.24839791257093596,-0.05517752325448059,0.7866666666666666,72.66930701654655
120,antithetic,17,0.21223265562619534,0.054607142299741285,0.22897923438291518,0.3809216210472899,0.2810162566066555,-0.07539658418256341,0.6666666666666666,7.454515378778611
121,original,19,0.17458727588385783,0.14148643902204486,0.17598028048650227,0.7425598425260679,0.24246518217020221,-0.1052177221809351,0.6533333333333333,38.78650493836951
122,antithetic,41,0.17541272411614214,0.058513560977955154,0.27401971951349774,0.4246373714516162,0.31243964828293197,-0.08637730800384465,0.7333333333333333,10.004903442371814
123,original,45,0.14513174647251545,0.08701587002554444,0.21507774738569596,0.5674802198697095,0.28224104131518185,-0.06999461934529286,0.7733333333333333,20.286697111250668
124,antithetic,15,0.20486825352748453,0.11298412997445557,0.23492225261430405,0.641300070728003,0.23648449242735922,-0.09114184814577479,0.68,24.271829500507593
125,original,23,0.14272607415662014,0.051545661652886744,0.209775710159606,0.4178070479963797,0.34105097528015615,-0.06210645717662636,0.7466666666666667,9.946294083920657
126,antithetic,37,0.20727392584337984,0.14845433834711327,0.240224289840394,0.822096554174911,0.23089835989711527,-0.0589570460477738,0.6533333333333333,50.22013864370695
127,original,40,0.10553304210317993,0.14283185625877254,0.24237751470783245,0.8092728797730058,0.2635403745463589,-0.09729501993241209,0.8,58.06225014028651
128,antithetic,20,0.24446695789682005,0.05716814374122747,0.20762248529216756,0.3555202847440991,0.2624894390646604,-0.06765078272662459,0.6533333333333333,6.245054361219121
129,original,24,0.19143465009698452,0.09281841483173144,0.24526404763014656,0.5620599771829835,0.2552438071103998,-0.0848396011318053,0.6666666666666666,18.203667474596408
130,antithetic,36,0.15856534990301546,0.10718158516826858,0.20473595236985345,0.625993828029733,0.25770002683350657,-0.08381576532036532,0.7066666666666667,24.86992429612938
131,original,17,0.1754018534843292,0.14666548190436696,0.15679560146580668,0.8456239617412284,0.2378107605961572,-0.05855910071927965,0.68,58.07791764180081
132,antithetic,43,0.17459814651567077,0.053334518095633054,0.29320439853419333,0.41157226868220936,0.31461863312275284,-0.08161249115990561,0.72,9.29855956063107
133,original,23,0.1077218126874984,0.14636199770892527,0.2061918921939707,0.8970809659011596,0.25287417754324837,-0.05517752325448063,0.8,79.61240665878607
134,antithetic,37,0.24227818731250156,0.05363800229107474,0.24380810780602932,0.34438234140037866,0.26219863665694065,-0.07280657010962256,0.6533333333333333,5.834503987009803
135,original,32,0.1417969696354917,0.135300945546736,0.24387898735713545,0.7827323624587037,0.2553879201907038,-0.09729501993241212,0.7333333333333333,49.468216723762986
136,antithetic,28,0.20820303036450827,0.06469905445326402,0.20612101264286456,0.4004482635745854,0.2661148411282353,-0.08193716270630384,0.6666666666666666,8.135106988964468
137,original,49,0.23623988289499806,0.07944488920695857,0.22547043878701314,0.4450418017948806,0.24001946575350586,-0.07289958752384544,0.6266666666666667,9.721026410547843
138,antithetic,11,0.11376011710500192,0.12055511079304145,0.22452956121298687,0.7215872700319346,0.2661713677095681,-0.08339558200125696,0.8,39.984950250973704
139,original,30,0.13593428360004586,0.08850977286019253,0.27847347617824836,0.5870152520161005,0.29055246393287043,-0.07726660346027106,0.7733333333333333,22.841484408760756
140,antithetic,30,0.21406571639995411,0.11149022713980748,0.17152652382175165,0.6286216239262086,0.2318464033116641,-0.09114184814577479,0.68,22.44427150445746
141,original,25,0.12173423081368347,0.13511366715168568,0.24880404474284173,0.8011532649916441,0.2606059013631656,-0.09729501993241213,0.76,55.15798353313611
142,antithetic,35,0.22826576918631653,0.06488633284831433,0.20119595525715828,0.3845799235095037,0.25504192729478087,-0.08091528041026569,0.6533333333333333,7.285483639439855
143,original,27,0.17341791404163445,0.08169220051562777,0.17444016406221444,0.500887775775007,0.27167494243952384,-0.06855837892402793,0.7066666666666667,14.100588923395062
144,antithetic,33,0.17658208595836553,0.11830779948437224,0.27555983593778555,0.6704944102702943,0.24761423255532813,-0.09431040537701942,0.7066666666666667,29.14871398299719
145,original,33,0.24784756811659012,0.06694927466860925,0.16058531211006447,0.3944594754407524,0.24741197722025138,-0.06258949669003419,0.6133333333333333,7.577873234083622
146,antithetic,27,0.10215243188340986,0.13305072533139076,0.2894146878899355,0.820116660157203,0.26710130893919226,-0.09729501993241196,0.8133333333333334,61.95697392299287
147,original,35,0.13630829072672507,0.10568012624583502,0.24636289173094733,0.657278183744358,0.26978203082611,-0.08194119556355246,0.76,30.1390979043168
148,antithetic,25,0.2136917092732749,0.09431987375416499,0.20363710826905268,0.5384393161517462,0.24428029236827012,-0.0848396011318052,0.6666666666666666,15.64770758809275
149,original,34,0.2008203321108818,0.14361547741607808,0.15397669658124327,0.8197238561462015,0.23024075977511513,-0.05855910071927956,0.6533333333333333,49.52556466405912
150,antithetic,26,0.14917966788911818,0.05638452258392193,0.2960233034187567,0.44669832485726346,0.32798686451520653,-0.08956865649147656,0.7333333333333333,11.562612359856729
151,original,50,0.21424294229930763,0.11960297966749729,0.2378663371910195,0.6345673606024761,0.2338570412860741,-0.09114184814577495,0.68,23.249608514372923
152,antithetic,10,0.13575705770069235,0.08039702033250272,0.21213366280898052,0.6175881251813095,0.280940924691314,-0.07448130596342445,0.7866666666666666,25.91196995837215
153,original,38,0.13564563159885995,0.10700611700893649,0.29103453621374364,0.6644855220587877,0.2724674582478616,-0.09323821299323862,0.76,31.441619888823382
154,antithetic,22,0.21435436840114003,0.09299388299106352,0.15896546378625637,0.5329513967114705,0.24188958033229752,-0.08483960113180537,0.6666666666666666,15.117798458860523
155,original,24,0.20923245229177895,0.059717649377076854,0.23632112668138183,0.39556944924506965,0.27695326853577584,-0.08377168568419498,0.6666666666666666,8.059891665390175
156,antithetic,36,0.14076754770822103,0.14028235062292316,0.21367887331861818,0.7784850768870035,0.2540430556658898,-0.09729501993241195,0.7333333333333333,48.2438085331306
157,original,10,0.155167469907888,0.11150072266991697,0.20822548893097828,0.679074604047911,0.25091167251595115,-0.08652414369523508,0.7066666666666667,30.79588296613607
158,antithetic,50,0.194832530092112,0.08849927733008305,0.24177451106902173,0.5180494037000211,0.2566160925347375,-0.0789493202673149,0.68,14.737932040118517
159,original,34,0.19484587458903693,0.14900538501042632,0.24649323276635296,0.8380457468170539,0.23523453537073435,-0.05957768024010159,0.6533333333333333,55.14565444660985
160,antithetic,26,0.15515412541096305,0.050994614989573694,0.20350676723364705,0.4052985185869296,0.3303707338279868,-0.05955955056622236,0.7066666666666667,9.141946763997833
161,original,16,0.1950294566141342,0.0640084015236524,0.21873793357372748,0.4160219957631555,0.27644348209237446,-0.08658451183180207,0.68,9.03856434910417
162,antithetic,44,0.15497054338586577,0.13599159847634762,0.23126206642627253,0.7624960143959083,0.24874867073978452,-0.10001165998809529,0.6933333333333334,43.71688857642023
163,original,18,0.18036620261121378,0.10183296523637367,0.23184251839739023,0.6130487957461417,0.25230689088686226,-0.08810024257604501,0.6933333333333334,22.92003292720615
164,antithetic,42,0.1696337973887862,0.09816703476362634,0.21815748160260978,0.5801045379562701,0.2644699855360539,-0.08483960113180511,0.7066666666666667,20.4999271291379
165,original,33,0.11354346550816125,0.13773730719279553,0.2912197213164788,0.8113405867520489,0.2639878897818756,-0.097295019932412,0.7866666666666666,58.65666581086554
166,antithetic,27,0.23645653449183873,0.06226269280720448,0.15878027868352124,0.37091080783123387,0.2603463364483929,-0.07235503529869015,0.64,6.812382157769924
167,original,10,0.2252953743383857,0.12407686177542045,0.20791539567011613,0.6224421167405128,0.22943371728983947,-0.0968624401140187,0.6666666666666666,21.566810722946535
168,antithetic,50,0.12470462566161428,0.07592313822457956,0.24208460432988388,0.5308472917632019,0.3093994063132534,-0.06358166023795872,0.8133333333333334,17.847013507585693
169,original,17,0.1481170097457604,0.1197015740995268,0.29417858457358714,0.7019174791035956,0.25890721010020623,-0.08841136696141669,0.7066666666666667,35.31536431728278
170,antithetic,43,0.20188299025423959,0.08029842590047322,0.15582141542641287,0.46723464897226735,0.25316262343582785,-0.068558378924028,0.6666666666666666,11.314062739588056
171,original,33,0.12797777655997813,0.12024840839871093,0.28580259629340954,0.7241390373510136,0.2666680221430073,-0.0875530007065037,0.7733333333333333,40.46782419802939
172,antithetic,27,0.22202222344002184,0.07975159160128908,0.16419740370659047,0.4473135372608188,0.24160791567033757,-0.06855837892402794,0.64,9.887321486416067
173,original,20,0.1061162712332146,0.08594911512197552,0.17936867021839445,0.5971268000923535,0.2972794921664863,-0.06456621950957518,0.8266666666666667,24.498015256907877
174,antithetic,40,0.24388372876678538,0.11405088487802449,0.27063132978160553,0.6209062505001458,0.22842835283266041,-0.09701902199011012,0.6666666666666666,21.275905362572004
175,original,26,0.18863394147823628,0.07935918442644933,0.16040419513127482,0.47948820463450303,0.2593976743855225,-0.06855837892402793,0.6666666666666666,12.244112946097639
176,antithetic,34,0.1613660585217637,0.12064081557355068,0.28959580486872516,0.6869455626621769,0.25348379432359514,-0.09256170571244539,0.7066666666666667,32.222274591946636
177,original,17,0.20163465427634236,0.13093611554785137,0.16511670020661398,0.7130784215387672,0.23238448708634415,-0.10521772218093543,0.6266666666666667,32.25325601820679
178,antithetic,43,0.14836534572365762,0.06906388445214864,0.284883299793386,0.4909425559608293,0.3075168155157033,-0.07345369626177049,0.7733333333333333,14.358629945075796
179,original,44,0.10248817433917842,0.13101133946791807,0.15273327384773244,0.7983343298620128,0.26010873472117424,-0.09729501993241207,0.8133333333333334,54.46232104907906
180,antithetic,16,0.24751182566082156,0.06898866053208194,0.29726672615226757,0.4055312629622858,0.2523421148370469,-0.07986953382165217,0.6133333333333333,8.120798055412937
181,original,44,0.17681395874489214,0.13670723185801037,0.16416644411338926,0.7395057657201947,0.24143050867201968,-0.10521772218093545,0.6533333333333333,38.062060302396034
182,antithetic,16,0.17318604125510784,0.06329276814198964,0.28583355588661075,0.44883331181974406,0.29696643664254346,-0.1033011131032972,0.72,11.207343871705799
183,original,42,0.1339743662796907,0.14132405525564712,0.2524510160124535,0.7925966509762941,0.2576271593857784,-0.09729501993241206,0.7466666666666667,52.301258683895746
184,antithetic,18,0.21602563372030928,0.05867594474435289,0.1975489839875465,0.3754925276912757,0.27744100283270284,-0.06563487393537809,0.6666666666666666,7.187508187853645
185,original,14,0.1967759185614175,0.10113423988609378,0.16067829726903435,0.5891911714848701,0.24212323881342437,-0.08794111876414072,0.6666666666666666,19.698983907879736
186,antithetic,46,0.1532240814385825,0.09886576011390623,0.2893217027309657,0.6017491420126659,0.2737645564010216,-0.08467080972622235,0.7333333333333333,23.41305488971173
187,original,48,0.12615496435074872,0.10015162946871996,0.1978463445440642,0.6598146706124476,0.2712830851961549,-0.08004734985548209,0.7733333333333333,30.69957277421723
188,antithetic,12,0.22384503564925126,0.09984837053128005,0.2521536554559358,0.5332138878759689,0.24142355832142767,-0.08483960113180512,0.6533333333333333,15.090306542464766
189,original,50,0.2036406607153699,0.12982951789667752,0.2767312966454182,0.7254420944518029,0.23621971563280825,-0.10521772218093521,0.6266666666666667,34.69643938324712
190,antithetic,10,0.14635933928463007,0.0701704821033225,0.17326870335458183,0.6001662975239356,0.2739149355099902,-0.07770623331811599,0.7733333333333333,23.298696853337717
191,original,37,0.15801030194508062,0.11499639307777651,0.15349079036037389,0.6727284272067193,0.24858619747155578,-0.08652414369523485,0.7066666666666667,29.627919092645275
192,antithetic,23,0.19198969805491936,0.0850036069222235,0.2965092096396261,0.5261614620076154,0.25947411256692027,-0.09105580780481597,0.68,15.448099648072777
193,original,16,0.2405094983105102,0.12019668772577033,0.27217027238834035,0.6210350323384032,0.22846824285948458,-0.09722506955828661,0.6666666666666666,21.29146623315532
194,antithetic,44,0.10949050168948979,0.07980331227422968,0.17782972761165966,0.5581339317561013,0.3025787264906558,-0.05495542727560239,0.8266666666666667,20.336565822267815
195,original,18,0.120628141621899,0.1295792669436101,0.19227821621601,0.792821270774954,0.2579825731339747,-0.09729501993241216,0.7733333333333333,52.523237258653985
196,antithetic,42,0.22937185837810098,0.0704207330563899,0.25772178378399,0.4094519215562654,0.25595544264660036,-0.07287669299634252,0.6533333333333333,8.37037401071632
197,original,17,0.1511599526575388,0.13900053418175662,0.16772472414324843,0.7613175543519364,0.24862444564211267,-0.09729501993241207,0.6933333333333334,43.52629780574886
198,antithetic,43,0.1988400473424612,0.06099946581824339,0.2822752758567516,0.41117923551055857,0.286983584383477,-0.09436038374727954,0.6933333333333334,8.940260078208347
199,original,21,0.11702102818608837,0.08379951568515358,0.2545105748046226,0.5996615545437518,0.29742346544880505,-0.07296306032012546,0.8133333333333334,24.77862820588808
200,antithetic,39,0.2329789718139116,0.11620048431484643,0.19548942519537743,0.6179439752777652,0.22770468618552048,-0.0968624401140187,0.6666666666666666,20.957011461873424
