simulation_id,top_n,stop_loss,max_position,target_vol,annual_return,sharpe,max_drawdown,win_rate,total_return
1,48,0.14464527617639664,0.12039461351385095,0.23002678879495433,0.0,0,0.0,0.0,0.0
2,38,0.11499773307427952,0.1410624003540304,0.2672685494767544,0.0,0,0.0,0.0,0.0
3,24,0.10802279451210534,0.1124761271043251,0.2558078391168305,0.0,0,0.0,0.0,0.0
4,17,0.24378122453247975,0.08358658571498351,0.21695529697688784,0.0,0,0.0,0.0,0.0
5,30,0.22707147161433847,0.13251073314226597,0.2796324266511253,0.0,0,0.0,0.0,0.0
6,48,0.1532357785694081,0.08630592121950906,0.23372103743907943,0.0,0,0.0,0.0,0.0
7,28,0.24352013276896844,0.053422811082052914,0.23098587592533187,0.0,0,0.0,0.0,0.0
8,32,0.2015154856636455,0.13306545065652498,0.15512816489087372,0.0,0,0.0,0.0,0.0
9,20,0.17237814244639638,0.08451921448812756,0.29800394705357425,0.0,0,0.0,0.0,0.0
10,20,0.17395384866577074,0.127383452320134,0.168445621279444,0.0,0,0.0,0.0,0.0
11,33,0.11249266167928895,0.08627578946659455,0.18466963686414697,0.0,0,0.0,0.0,0.0
12,45,0.11375562208877217,0.13610680199747216,0.15775452558622904,0.0,0,0.0,0.0,0.0
13,49,0.19036613888516785,0.07195105250809587,0.24600044502553706,0.0,0,0.0,0.0,0.0
14,33,0.1830554578518701,0.14745472651988697,0.183705176545902,0.0,0,0.0,0.0,0.0
15,12,0.13190918425363435,0.12797587747880307,0.17700156562090852,0.0,0,0.0,0.0,0.0
16,31,0.24192918143225353,0.061423792592039686,0.1632833376334862,0.0,0,0.0,0.0,0.0
17,11,0.21719440757068037,0.10657766199665604,0.16549634356860235,0.0,0,0.0,0.0,0.0
18,33,0.1170196903026172,0.14853673122417346,0.2377006050663883,0.0,0,0.0,0.0,0.0
19,39,0.2396393658530939,0.09710654526938144,0.25323117987998933,0.0,0,0.0,0.0,0.0
20,47,0.24613723128016152,0.06821071388215832,0.20960684826966014,0.0,0,0.0,0.0,0.0
21,11,0.24938968630454936,0.09847783671503461,0.22198456223881097,0.0,0,0.0,0.0,0.0
22,30,0.10838067320160251,0.10124576558819216,0.2528951603974476,0.0,0,0.0,0.0,0.0
23,42,0.21055533351865133,0.12416869442286656,0.15260696852782193,0.0,0,0.0,0.0,0.0
24,21,0.18188736552474835,0.11988458531609043,0.19846959856054178,0.0,0,0.0,0.0,0.0
25,31,0.20587472258180417,0.09025500435969805,0.29596466221055195,0.0,0,0.0,0.0,0.0
26,34,0.24529779159612022,0.07180231074940865,0.2370168344543202,0.0,0,0.0,0.0,0.0
27,36,0.20320450152625585,0.11450541677693295,0.188133686984624,0.0,0,0.0,0.0,0.0
28,37,0.22554458113560608,0.09217039345532818,0.22825950699543196,0.0,0,0.0,0.0,0.0
29,25,0.2300303057966262,0.06322762111253304,0.2013980232181373,0.0,0,0.0,0.0,0.0
30,24,0.22577211456459775,0.14005723012363855,0.22983674832394485,0.0,0,0.0,0.0,0.0
31,12,0.16391372125704118,0.11912218576096543,0.16886122677099732,0.0,0,0.0,0.0,0.0
32,46,0.1333864626356546,0.11831838564454814,0.1699071980728916,0.0,0,0.0,0.0,0.0
33,16,0.1594977402931378,0.1322583875911674,0.17153135430590893,0.0,0,0.0,0.0,0.0
34,30,0.2337845363165165,0.10296616786550811,0.29097296878902623,0.0,0,0.0,0.0,0.0
35,18,0.12199072325380383,0.1315054428402457,0.25993483775120124,0.0,0,0.0,0.0,0.0
36,48,0.17699892530385894,0.09980907535110058,0.17435728419934812,0.0,0,0.0,0.0,0.0
37,27,0.13498421086367918,0.05671753999157101,0.1782523625648402,0.0,0,0.0,0.0,0.0
38,13,0.18719581258401735,0.09052480880276888,0.25962442123063145,0.0,0,0.0,0.0,0.0
39,34,0.22947077829835058,0.09974648939798905,0.17342457671882608,0.0,0,0.0,0.0,0.0
40,23,0.2320539952957625,0.12202025816322958,0.1851841940002243,0.0,0,0.0,0.0,0.0
41,18,0.1355027790523118,0.06065787301286744,0.2945020249230598,0.0,0,0.0,0.0,0.0
42,35,0.23615405595228195,0.0640018538660449,0.18829597870926476,0.0,0,0.0,0.0,0.0
43,11,0.18878331082319266,0.07636838026346164,0.249244852555672,0.0,0,0.0,0.0,0.0
44,29,0.15253273700504705,0.07664983933708822,0.29679469311007955,0.0,0,0.0,0.0,0.0
45,37,0.20622717933747997,0.12321845784590624,0.2061445150709689,0.0,0,0.0,0.0,0.0
46,16,0.1722500481946173,0.07507306605615978,0.15262739862930932,0.0,0,0.0,0.0,0.0
47,17,0.15669813851833816,0.11330980633574475,0.18662209356335613,0.0,0,0.0,0.0,0.0
48,44,0.20576265464449897,0.09942738501382714,0.2746315787012558,0.0,0,0.0,0.0,0.0
49,23,0.1373086231645432,0.10732943781794006,0.2796913253932555,0.0,0,0.0,0.0,0.0
50,26,0.14953787935286478,0.13381069631782957,0.26527790467856865,0.0,0,0.0,0.0,0.0
51,45,0.1651677766732407,0.09043815015490243,0.16696647286148594,0.0,0,0.0,0.0,0.0
52,49,0.13805232608097082,0.12709113770642705,0.26932655575446046,0.0,0,0.0,0.0,0.0
53,13,0.16078031301721257,0.09220360595506874,0.28780166954902564,0.0,0,0.0,0.0,0.0
54,11,0.1857209537807516,0.08538713765612495,0.2400914313819354,0.0,0,0.0,0.0,0.0
55,15,0.21114607913660025,0.14586271773132206,0.2911313034507097,0.0,0,0.0,0.0,0.0
56,13,0.21507922796628576,0.06843709206789632,0.2740258325567816,0.0,0,0.0,0.0,0.0
57,38,0.22341855278150397,0.059033696057760786,0.2500457275486361,0.0,0,0.0,0.0,0.0
58,27,0.2116317485414947,0.12709859255354786,0.2365777855067622,0.0,0,0.0,0.0,0.0
59,35,0.20215591406453634,0.056824970535409164,0.20228605008629558,0.0,0,0.0,0.0,0.0
60,43,0.1356259706938705,0.13370789907030292,0.17389311678642078,0.0,0,0.0,0.0,0.0
61,19,0.16003343393080374,0.09371933963572435,0.2407430884035811,0.0,0,0.0,0.0,0.0
62,45,0.17165723363203417,0.14155136772919139,0.19771673304271792,0.0,0,0.0,0.0,0.0
63,23,0.11243369825400314,0.12215328611219056,0.2799658001291468,0.0,0,0.0,0.0,0.0
64,40,0.17925551819458138,0.11104046670079576,0.2990005406037943,0.0,0,0.0,0.0,0.0
65,24,0.1654503747409834,0.14493067970577656,0.2628641643923359,0.0,0,0.0,0.0,0.0
66,17,0.2203163873540101,0.08966493730520543,0.1635722542930576,0.0,0,0.0,0.0,0.0
67,23,0.24668510031314062,0.1454086936539633,0.19330283932959572,0.0,0,0.0,0.0,0.0
68,32,0.18340075579638768,0.0635001277421207,0.16636644476486245,0.0,0,0.0,0.0,0.0
69,49,0.14840295824163754,0.09837549419324128,0.24757674716875736,0.0,0,0.0,0.0,0.0
70,30,0.10651011749472591,0.07699112223921949,0.2647786296833677,0.0,0,0.0,0.0,0.0
71,25,0.2386964995335394,0.10398427789081933,0.2888512246321068,0.0,0,0.0,0.0,0.0
72,27,0.23786735729179892,0.06620138778915846,0.21572585196179814,0.0,0,0.0,0.0,0.0
73,33,0.13794852519838618,0.13415296603100432,0.2852063474382666,0.0,0,0.0,0.0,0.0
74,35,0.20431166846599713,0.13464078493145573,0.28168367385619913,0.0,0,0.0,0.0,0.0
75,34,0.1113151820634654,0.14552363127234788,0.1975793575148098,0.0,0,0.0,0.0,0.0
76,50,0.12493231478638794,0.06546721408832362,0.2803350938310856,0.0,0,0.0,0.0,0.0
77,38,0.13252136598797368,0.11233325509049907,0.20635083778225896,0.0,0,0.0,0.0,0.0
78,24,0.1441740920259145,0.09742373087003696,0.1945303911840421,0.0,0,0.0,0.0,0.0
79,10,0.2493747062544056,0.08443837320442332,0.24736119881915894,0.0,0,0.0,0.0,0.0
80,34,0.20453875837957222,0.08515401611342188,0.19925718418276214,0.0,0,0.0,0.0,0.0
81,16,0.15763027470688298,0.09127935506067522,0.2445313122493716,0.0,0,0.0,0.0,0.0
82,18,0.21056510587645288,0.1204925549688953,0.24147477082480417,0.0,0,0.0,0.0,0.0
83,33,0.23728815125036595,0.10982860582681546,0.2345158391022688,0.0,0,0.0,0.0,0.0
84,10,0.24380536111117693,0.0959681512761131,0.20706295563491964,0.0,0,0.0,0.0,0.0
85,17,0.10867958466365611,0.05759334103696221,0.2322749582477215,0.0,0,0.0,0.0,0.0
86,33,0.1591782697912195,0.05777653440789571,0.23947282124781322,0.0,0,0.0,0.0,0.0
87,20,0.11601340989038267,0.05023393906257783,0.231853033274321,0.0,0,0.0,0.0,0.0
88,26,0.15034900971954449,0.14676993882070863,0.21666291791268022,0.0,0,0.0,0.0,0.0
89,17,0.12545198558433485,0.05052538185583849,0.15220005855693958,0.0,0,0.0,0.0,0.0
90,44,0.19702725425030856,0.06030937460137449,0.23805925615517262,0.0,0,0.0,0.0,0.0
91,44,0.15824025759848084,0.08145965568094109,0.17526665777140793,0.0,0,0.0,0.0,0.0
92,42,0.13440921185574245,0.1307430251816761,0.24638639534207843,0.0,0,0.0,0.0,0.0
93,14,0.13989068874463584,0.14620987857641177,0.2639016491884299,0.0,0,0.0,0.0,0.0
94,48,0.15405176428079023,0.1290013558791856,0.22506679636961122,0.0,0,0.0,0.0,0.0
95,50,0.13899247942813941,0.11905602324456406,0.23135454974696074,0.0,0,0.0,0.0,0.0
96,37,0.16798612702432467,0.10213006674135694,0.2927217839498987,0.0,0,0.0,0.0,0.0
97,16,0.10484739266644758,0.05867052118621836,0.2770751042058861,0.0,0,0.0,0.0,0.0
98,18,0.14196452607534185,0.14581707930039303,0.2871354773927205,0.0,0,0.0,0.0,0.0
99,17,0.16168100813082795,0.12583924139456815,0.27206494324793795,0.0,0,0.0,0.0,0.0
100,21,0.19041728230349478,0.11389493853342618,0.1663377512770097,0.0,0,0.0,0.0,0.0
101,43,0.14064364637726948,0.12590358455388498,0.1723487783955292,0.0,0,0.0,0.0,0.0
102,42,0.11997776878356246,0.12241033292731386,0.22899356959034392,0.0,0,0.0,0.0,0.0
103,32,0.11143005693987448,0.11372315797894868,0.18691044881969973,0.0,0,0.0,0.0,0.0
104,33,0.2410797740703075,0.14805768001799882,0.22150432125617386,0.0,0,0.0,0.0,0.0
105,46,0.16249585866077187,0.14033638126360248,0.20915479857275251,0.0,0,0.0,0.0,0.0
106,44,0.18717439317712395,0.11466649191171634,0.23241213576456798,0.0,0,0.0,0.0,0.0
107,49,0.23787648277533394,0.11931752114569247,0.2620313574203734,0.0,0,0.0,0.0,0.0
108,31,0.11241226300529593,0.055159580665871004,0.25732363606489117,0.0,0,0.0,0.0,0.0
109,36,0.2314992228888689,0.11699174645500392,0.22818511987280013,0.0,0,0.0,0.0,0.0
110,44,0.1827381808816105,0.05441654377101002,0.2733590128225587,0.0,0,0.0,0.0,0.0
111,10,0.12472513917055014,0.1088263756969931,0.21462931373070498,0.0,0,0.0,0.0,0.0
112,44,0.16168826748780538,0.14993534995658347,0.28450714347601835,0.0,0,0.0,0.0,0.0
113,46,0.21664034256028383,0.10558065814371796,0.16069204050827457,0.0,0,0.0,0.0,0.0
114,23,0.1720555122799532,0.09732101180813334,0.2931990045049961,0.0,0,0.0,0.0,0.0
115,12,0.24779290759982564,0.08128548565055875,0.24820396221470223,0.0,0,0.0,0.0,0.0
116,10,0.1565108454906911,0.06205225787864645,0.20701117634058078,0.0,0,0.0,0.0,0.0
117,14,0.2124367449964108,0.12310236714582816,0.1795731189859316,0.0,0,0.0,0.0,0.0
118,35,0.15894841734682888,0.06925990277856305,0.22187748441653998,0.0,0,0.0,0.0,0.0
119,23,0.22437463310597716,0.06152820212472844,0.17918374847779514,0.0,0,0.0,0.0,0.0
120,48,0.18536222037486214,0.09217626597305126,0.17494974116147133,0.0,0,0.0,0.0,0.0
121,36,0.1095267744385002,0.12953418379590972,0.24260276361194613,0.0,0,0.0,0.0,0.0
122,18,0.10552328014539872,0.12450645481202204,0.2284627086872677,0.0,0,0.0,0.0,0.0
123,24,0.12007781782009498,0.0554882614646475,0.25051440519164125,0.0,0,0.0,0.0,0.0
124,24,0.1020507947240496,0.09551436850361561,0.2894408816132984,0.0,0,0.0,0.0,0.0
125,35,0.11130385905286935,0.1022434576071169,0.229839032000856,0.0,0,0.0,0.0,0.0
126,22,0.2037571595753368,0.11445466506258221,0.23713980798941964,0.0,0,0.0,0.0,0.0
127,41,0.18015194125441947,0.11501673504432282,0.16344395087324132,0.0,0,0.0,0.0,0.0
128,48,0.21248661242049577,0.08646972494573059,0.25764536788629444,0.0,0,0.0,0.0,0.0
129,41,0.23697486283864644,0.1060677194003514,0.20998578102062343,0.0,0,0.0,0.0,0.0
130,13,0.18777242984882078,0.09810618838440864,0.29650878579938683,0.0,0,0.0,0.0,0.0
131,39,0.20891812661077722,0.1384998356523281,0.27347610233934905,0.0,0,0.0,0.0,0.0
132,46,0.2135621803063684,0.10302651326349001,0.22837215607741773,0.0,0,0.0,0.0,0.0
133,32,0.15667758239136798,0.09410321617481616,0.1684833981258249,0.0,0,0.0,0.0,0.0
134,48,0.13616272484944478,0.09044854496818508,0.2789123689920884,0.0,0,0.0,0.0,0.0
135,24,0.13075679927597875,0.10724277594334657,0.26996716431360324,0.0,0,0.0,0.0,0.0
136,38,0.13771636592676978,0.13039769794008976,0.17768776943055495,0.0,0,0.0,0.0,0.0
137,45,0.1412097695538863,0.10384014903807876,0.1942917433830465,0.0,0,0.0,0.0,0.0
138,22,0.13108414735120846,0.11616551750805415,0.2690110887221756,0.0,0,0.0,0.0,0.0
139,41,0.23173310012187884,0.1237855766906525,0.17778426698211144,0.0,0,0.0,0.0,0.0
140,16,0.2135498698258343,0.10201681098787319,0.28766287337570656,0.0,0,0.0,0.0,0.0
141,31,0.10703447016868299,0.09268170566548643,0.21367911377945428,0.0,0,0.0,0.0,0.0
142,37,0.14030087230379612,0.13766653778624494,0.1630558443881488,0.0,0,0.0,0.0,0.0
143,11,0.10332771130454525,0.09175060840278922,0.27236229652564214,0.0,0,0.0,0.0,0.0
144,15,0.17472477799688393,0.09619428505755875,0.20602645245575812,0.0,0,0.0,0.0,0.0
145,37,0.17143160451835213,0.1490341313341777,0.22897487912306713,0.0,0,0.0,0.0,0.0
146,37,0.22470572350937518,0.050023752357588464,0.16684565166168286,0.0,0,0.0,0.0,0.0
147,29,0.14616658596565743,0.06854729095767224,0.15038760222674735,0.0,0,0.0,0.0,0.0
148,39,0.22245786028195935,0.08839638899197258,0.24569778086899463,0.0,0,0.0,0.0,0.0
149,20,0.24519606481597345,0.14325899094252528,0.22727627555005972,0.0,0,0.0,0.0,0.0
150,37,0.11326123350484699,0.057002970574747104,0.23903078536847205,0.0,0,0.0,0.0,0.0
151,34,0.21877267592044494,0.05094854336284981,0.26906157755707744,0.0,0,0.0,0.0,0.0
152,48,0.1884933845706454,0.05526838359772286,0.246990887013429,0.0,0,0.0,0.0,0.0
153,42,0.17200689505277128,0.058854341061361816,0.17621601642410656,0.0,0,0.0,0.0,0.0
154,10,0.16308036679976126,0.05375967732062609,0.20411587786658997,0.0,0,0.0,0.0,0.0
155,36,0.21770023959164644,0.09797813268565048,0.28588366571816404,0.0,0,0.0,0.0,0.0
156,22,0.19590420354613636,0.10807572072273276,0.2654917050377518,0.0,0,0.0,0.0,0.0
157,50,0.22075670012790427,0.07716869710690041,0.2334955586905076,0.0,0,0.0,0.0,0.0
158,12,0.23547265880149393,0.08982873839756356,0.18834674967139084,0.0,0,0.0,0.0,0.0
159,48,0.1925895568145938,0.05916993351114302,0.19530907527521926,0.0,0,0.0,0.0,0.0
160,15,0.2470694087638567,0.08363704638284221,0.2597937101378452,0.0,0,0.0,0.0,0.0
161,17,0.19121317743128277,0.1022519191634523,0.2776761391279156,0.0,0,0.0,0.0,0.0
162,36,0.1954966482433424,0.12322718071846452,0.2507137004295922,0.0,0,0.0,0.0,0.0
163,18,0.18322234128133386,0.05033463620429793,0.27142949636526625,0.0,0,0.0,0.0,0.0
164,46,0.11365031365769955,0.09673107665376526,0.2649984202800609,0.0,0,0.0,0.0,0.0
165,42,0.20895955489753423,0.07970028764548823,0.17245559519354364,0.0,0,0.0,0.0,0.0
166,33,0.18211694603486672,0.13528218216919013,0.2135917219369953,0.0,0,0.0,0.0,0.0
167,24,0.16763656711241567,0.1215553315234242,0.17294757012428438,0.0,0,0.0,0.0,0.0
168,41,0.23657069176049095,0.10891085344708948,0.1852853377202977,0.0,0,0.0,0.0,0.0
169,41,0.1446939177312926,0.07772656456967736,0.2803889436976579,0.0,0,0.0,0.0,0.0
170,33,0.17854034140225167,0.14103391020575343,0.22093379484497733,0.0,0,0.0,0.0,0.0
171,50,0.2046462807240195,0.05451006772203232,0.23030371527639912,0.0,0,0.0,0.0,0.0
172,21,0.2194707663510816,0.06094675986791152,0.17676689478416582,0.0,0,0.0,0.0,0.0
173,48,0.16890202119192588,0.08916301405403561,0.19684076790731939,0.0,0,0.0,0.0,0.0
174,11,0.22631371225280644,0.062443755729685635,0.18453692526418047,0.0,0,0.0,0.0,0.0
175,12,0.21533766119730963,0.1456415697559425,0.18092792467776395,0.0,0,0.0,0.0,0.0
176,46,0.10993539667777988,0.12979893221433833,0.24569411899739552,0.0,0,0.0,0.0,0.0
177,26,0.10687918996069495,0.07589826516018136,0.18853257714685723,0.0,0,0.0,0.0,0.0
178,11,0.1931208526633137,0.10885542289732454,0.24480232290306275,0.0,0,0.0,0.0,0.0
179,11,0.15211201123381213,0.14823305150800817,0.15876819211628307,0.0,0,0.0,0.0,0.0
180,37,0.13136961866177713,0.13841989781315028,0.17126615902906528,0.0,0,0.0,0.0,0.0
181,32,0.18694749017076076,0.1100798446442198,0.1911810381000188,0.0,0,0.0,0.0,0.0
182,46,0.15123448156848177,0.14037239671752705,0.23955703753435373,0.0,0,0.0,0.0,0.0
183,41,0.1805895125071105,0.1489184909813359,0.2513761867631064,0.0,0,0.0,0.0,0.0
184,42,0.1690178738475358,0.12433528228936241,0.21640754501692905,0.0,0,0.0,0.0,0.0
185,10,0.18771491589237305,0.05649864094828941,0.21686863718658433,0.0,0,0.0,0.0,0.0
186,28,0.16004507333654222,0.09015802364254874,0.2586775277097927,0.0,0,0.0,0.0,0.0
187,11,0.20465013605453977,0.13378257352832454,0.15237316376483737,0.0,0,0.0,0.0,0.0
188,35,0.12701009085239479,0.0730569195805019,0.2011635036711331,0.0,0,0.0,0.0,0.0
189,41,0.20447521993406184,0.13306425177506245,0.2728060585678849,0.0,0,0.0,0.0,0.0
190,15,0.1617491821536292,0.062033876203499594,0.24048291153200582,0.0,0,0.0,0.0,0.0
191,41,0.23114764072816257,0.054694535714781306,0.20058406991331304,0.0,0,0.0,0.0,0.0
192,13,0.17728540822963162,0.08840906114912496,0.28582871884945105,0.0,0,0.0,0.0,0.0
193,20,0.24596655239051565,0.053673193742661364,0.2658934091174074,0.0,0,0.0,0.0,0.0
194,26,0.19029030933114402,0.14572702629833256,0.18973431708551,0.0,0,0.0,0.0,0.0
195,47,0.1335773598859481,0.13262056957939658,0.24679347562885753,0.0,0,0.0,0.0,0.0
196,33,0.2232685955266674,0.1300769687129875,0.2393626092283435,0.0,0,0.0,0.0,0.0
197,14,0.15176239417335802,0.11297779229961531,0.2101781871058474,0.0,0,0.0,0.0,0.0
198,43,0.15214288217240254,0.07163240230365535,0.2050434118807201,0.0,0,0.0,0.0,0.0
199,15,0.10477070222277478,0.10182603666763922,0.20153407121635558,0.0,0,0.0,0.0,0.0
200,31,0.1823072963811113,0.1097274072430341,0.24257336750934702,0.0,0,0.0,0.0,0.0
201,20,0.18016352555987844,0.10250315008602681,0.21636149047210043,0.0,0,0.0,0.0,0.0
202,25,0.15339872264079793,0.07602333679515273,0.2747794669877133,0.0,0,0.0,0.0,0.0
203,42,0.23413258943438886,0.10152479243147258,0.25044039242009425,0.0,0,0.0,0.0,0.0
204,18,0.1193122597449466,0.09911863408686265,0.16048974085641513,0.0,0,0.0,0.0,0.0
205,15,0.14951492699652333,0.14963357758067242,0.2460252335742249,0.0,0,0.0,0.0,0.0
206,25,0.14823741470200436,0.1397436148046204,0.19067211547502771,0.0,0,0.0,0.0,0.0
207,38,0.11384358793431192,0.096338074821562,0.2389217987480134,0.0,0,0.0,0.0,0.0
208,12,0.17217180910844399,0.11229373829351187,0.2520197896655177,0.0,0,0.0,0.0,0.0
209,29,0.20316770756441246,0.12478716040922284,0.1846243783731018,0.0,0,0.0,0.0,0.0
210,45,0.1767485520320892,0.053486516023382495,0.2185287967320553,0.0,0,0.0,0.0,0.0
211,28,0.12354665240742907,0.139492144122784,0.17854872942286015,0.0,0,0.0,0.0,0.0
212,35,0.1565928947863109,0.13601268164179237,0.15785083136797623,0.0,0,0.0,0.0,0.0
213,12,0.10038925365754699,0.09574320977737073,0.20677146352288037,0.0,0,0.0,0.0,0.0
214,28,0.230245166055338,0.08911697660803798,0.2044416407768988,0.0,0,0.0,0.0,0.0
215,29,0.11267755115210229,0.07729593748563149,0.29932207360563856,0.0,0,0.0,0.0,0.0
216,41,0.1895917123383146,0.09766768283303684,0.2169528526796463,0.0,0,0.0,0.0,0.0
217,16,0.24793854938002227,0.05443766635332368,0.20003543242083005,0.0,0,0.0,0.0,0.0
218,50,0.18048859689809987,0.13521935333470078,0.23707125100750118,0.0,0,0.0,0.0,0.0
219,42,0.23860626386611497,0.05354223684185451,0.16331510911616526,0.0,0,0.0,0.0,0.0
220,49,0.13541747996761067,0.0829051365369871,0.294249860393222,0.0,0,0.0,0.0,0.0
221,48,0.21399331134063784,0.14315894883189897,0.24524400683865497,0.0,0,0.0,0.0,0.0
222,27,0.1796898630960301,0.12352126545234528,0.26322567299112715,0.0,0,0.0,0.0,0.0
223,49,0.20807740920871973,0.07813909605775268,0.17557169072608764,0.0,0,0.0,0.0,0.0
224,10,0.10935120437668622,0.07526490939608851,0.21142167795078057,0.0,0,0.0,0.0,0.0
225,20,0.122160863785934,0.0505082139818026,0.2134033670094284,0.0,0,0.0,0.0,0.0
226,37,0.11996753928812175,0.11957142928497501,0.27327096658516303,0.0,0,0.0,0.0,0.0
227,34,0.20307482581049965,0.054878358167317315,0.15018550196391142,0.0,0,0.0,0.0,0.0
228,32,0.22666610089504433,0.10326025194007621,0.19512796625298826,0.0,0,0.0,0.0,0.0
229,40,0.2124424348012881,0.14621219725920498,0.2971854561516456,0.0,0,0.0,0.0,0.0
230,39,0.10457082291003914,0.06094688600544539,0.2212329815259328,0.0,0,0.0,0.0,0.0
231,44,0.23008224716120848,0.13944799309680675,0.20737894203660123,0.0,0,0.0,0.0,0.0
232,16,0.15312200061896883,0.1491475335145048,0.16797435030264696,0.0,0,0.0,0.0,0.0
233,25,0.15957457487561238,0.05615170262392351,0.29612469429420235,0.0,0,0.0,0.0,0.0
234,35,0.11573037497987214,0.13829062691374613,0.15300395338887365,0.0,0,0.0,0.0,0.0
235,11,0.21061078091407287,0.10160790204436167,0.2605770337510865,0.0,0,0.0,0.0,0.0
236,10,0.1273425817713937,0.140651371944458,0.26528997071827626,0.0,0,0.0,0.0,0.0
237,21,0.18459476380282547,0.10713189419195741,0.18654850740957998,0.0,0,0.0,0.0,0.0
238,14,0.22610649788168966,0.11621120101065646,0.25073376654195556,0.0,0,0.0,0.0,0.0
239,46,0.11338064930680844,0.10437789079973993,0.16393937165690847,0.0,0,0.0,0.0,0.0
240,41,0.18030033460232853,0.13644928803073483,0.18855708996481196,0.0,0,0.0,0.0,0.0
241,18,0.1349824617324702,0.12339099189537017,0.26818529824383974,0.0,0,0.0,0.0,0.0
242,50,0.15143902964173905,0.1021260312180415,0.279702928805031,0.0,0,0.0,0.0,0.0
243,44,0.17109549121458342,0.1368160804051547,0.24127296189896869,0.0,0,0.0,0.0,0.0
244,28,0.15326564549189572,0.07452855322553345,0.22602576477307237,0.0,0,0.0,0.0,0.0
245,25,0.1973234260437364,0.0657340659702526,0.17389560309284705,0.0,0,0.0,0.0,0.0
246,12,0.17193731526313755,0.06604001053300722,0.15946635496187253,0.0,0,0.0,0.0,0.0
247,29,0.1876299227071254,0.0834008878745238,0.16764735427103378,0.0,0,0.0,0.0,0.0
248,33,0.21052337130923693,0.07386900313010175,0.1841035950144148,0.0,0,0.0,0.0,0.0
249,42,0.1836613398925656,0.14300903505097387,0.20125117528453812,0.0,0,0.0,0.0,0.0
250,33,0.18798031519911387,0.0605834093828584,0.20713642882664807,0.0,0,0.0,0.0,0.0
251,20,0.18466878137839618,0.11989907380395877,0.20194826528835053,0.0,0,0.0,0.0,0.0
252,17,0.1568158938926934,0.06892215397850059,0.18585829982958985,0.0,0,0.0,0.0,0.0
253,45,0.15061702508078773,0.138163713277035,0.2264586370127547,0.0,0,0.0,0.0,0.0
254,47,0.23494710957175186,0.14613152881849073,0.2737929162349345,0.0,0,0.0,0.0,0.0
255,49,0.19113328334403593,0.09654700087699836,0.1919555307707219,0.0,0,0.0,0.0,0.0
256,29,0.1366529733196982,0.13790714802281315,0.29135805286533495,0.0,0,0.0,0.0,0.0
257,44,0.17473715467734102,0.05051451707547148,0.2810004992585772,0.0,0,0.0,0.0,0.0
258,34,0.1495522721921371,0.13199469174081,0.17426463170281645,0.0,0,0.0,0.0,0.0
259,44,0.2400537735639812,0.07286251615249235,0.26794139351356416,0.0,0,0.0,0.0,0.0
260,34,0.10113015447011121,0.1408701309269368,0.236188107347665,0.0,0,0.0,0.0,0.0
261,38,0.13379991965687923,0.05011201114801095,0.23498630432571277,0.0,0,0.0,0.0,0.0
262,27,0.15480352295110866,0.10561817350397569,0.20865641445872615,0.0,0,0.0,0.0,0.0
263,27,0.1731714701213107,0.12566358037849346,0.22517294987730144,0.0,0,0.0,0.0,0.0
264,11,0.22762262767542193,0.0758688330697908,0.20957681661438166,0.0,0,0.0,0.0,0.0
265,44,0.11318314368102159,0.0693132864587293,0.2309598928139914,0.0,0,0.0,0.0,0.0
266,25,0.2208797330111715,0.058409822446798466,0.24419250791589536,0.0,0,0.0,0.0,0.0
267,50,0.10834802340354631,0.08264335765032929,0.25114557096135726,0.0,0,0.0,0.0,0.0
268,45,0.22634710529472724,0.10598443123088294,0.22987217888391392,0.0,0,0.0,0.0,0.0
269,42,0.10774532168117693,0.061584385678025766,0.25821331009930976,0.0,0,0.0,0.0,0.0
270,13,0.10273637221425416,0.08766953619867987,0.17119170739132586,0.0,0,0.0,0.0,0.0
271,42,0.20454421935496322,0.0509072404652725,0.18179737363533577,0.0,0,0.0,0.0,0.0
272,23,0.24958833021525914,0.13186794204998417,0.2728102506111405,0.0,0,0.0,0.0,0.0
273,30,0.23449153944610313,0.06284487180931914,0.19837919667696227,0.0,0,0.0,0.0,0.0
274,29,0.18639976267084898,0.07833429482655815,0.15343407374641804,0.0,0,0.0,0.0,0.0
275,17,0.23760934196282973,0.05184277187382175,0.17306867245020466,0.0,0,0.0,0.0,0.0
276,16,0.10079500095964082,0.09322407838925123,0.1835421651744467,0.0,0,0.0,0.0,0.0
277,12,0.24626007444177136,0.13401215027412186,0.29359843318418805,0.0,0,0.0,0.0,0.0
278,26,0.17361231688881767,0.08921512114451965,0.23595621433962738,0.0,0,0.0,0.0,0.0
279,42,0.20843441449326636,0.06794973234238334,0.2899096110714382,0.0,0,0.0,0.0,0.0
280,21,0.2231292209730029,0.12536988340505192,0.23627450257449373,0.0,0,0.0,0.0,0.0
281,31,0.20776859062548306,0.12888069818707443,0.22190316602067775,0.0,0,0.0,0.0,0.0
282,31,0.18025550980673657,0.06737534753075668,0.1970591536791144,0.0,0,0.0,0.0,0.0
283,39,0.1714929226189618,0.12708541085409897,0.24095564166500633,0.0,0,0.0,0.0,0.0
284,47,0.2257873838053937,0.14472978882563378,0.17087970369262948,0.0,0,0.0,0.0,0.0
285,47,0.13076163402241886,0.06663775869322723,0.2847392440939059,0.0,0,0.0,0.0,0.0
286,17,0.24519910997563513,0.12709842925321355,0.27439986077119255,0.0,0,0.0,0.0,0.0
287,36,0.20664287182551225,0.12085720046026294,0.19762971718151054,0.0,0,0.0,0.0,0.0
288,36,0.12992603910074796,0.09735738884350885,0.29291962914019415,0.0,0,0.0,0.0,0.0
289,43,0.21043707755477323,0.05579204605587983,0.2737801151123352,0.0,0,0.0,0.0,0.0
290,30,0.1794760034771675,0.057469441775785404,0.24994603287525594,0.0,0,0.0,0.0,0.0
291,39,0.20608451434666666,0.13524146591986477,0.1682642866687912,0.0,0,0.0,0.0,0.0
292,42,0.21516692521642583,0.1490148372750647,0.22173510345721084,0.0,0,0.0,0.0,0.0
293,37,0.11309352693845132,0.11760522571867545,0.22591613322701262,0.0,0,0.0,0.0,0.0
294,42,0.17591559345390206,0.09459583070103214,0.184882703754807,0.0,0,0.0,0.0,0.0
295,14,0.23980215133854013,0.11475736434019075,0.16199480915389528,0.0,0,0.0,0.0,0.0
296,28,0.14809632882392715,0.10943958592285453,0.2665085445707539,0.0,0,0.0,0.0,0.0
297,13,0.18908246463368483,0.08836122604056218,0.16830525781865924,0.0,0,0.0,0.0,0.0
298,44,0.1553845722264844,0.056562614457401295,0.2391436125842662,0.0,0,0.0,0.0,0.0
299,26,0.16814019583286496,0.13215129474074408,0.2904673760825491,0.0,0,0.0,0.0,0.0
300,37,0.182290467690723,0.08718335292387246,0.28141577888970637,0.0,0,0.0,0.0,0.0
301,39,0.18233829698334658,0.13187856433570935,0.19166289356238916,0.0,0,0.0,0.0,0.0
302,38,0.1302595693495354,0.07525087496883823,0.27771729563268976,0.0,0,0.0,0.0,0.0
303,15,0.202685732181975,0.05010294798456334,0.1500498759180734,0.0,0,0.0,0.0,0.0
304,44,0.11318021668639852,0.06589382832767565,0.1526531714419886,0.0,0,0.0,0.0,0.0
305,50,0.12082371601630307,0.09685394167685843,0.24038297457642974,0.0,0,0.0,0.0,0.0
306,46,0.10040663491214946,0.14443036349578298,0.2047197328716794,0.0,0,0.0,0.0,0.0
307,33,0.1175044096212522,0.0602193619693719,0.20796912617387206,0.0,0,0.0,0.0,0.0
308,38,0.17097493015778384,0.13542097744615658,0.23466616360183237,0.0,0,0.0,0.0,0.0
309,40,0.1909152821583758,0.10270240962118621,0.17876736833877907,0.0,0,0.0,0.0,0.0
310,44,0.21914341749496938,0.13259207657998964,0.18176330259982174,0.0,0,0.0,0.0,0.0
311,42,0.11600488751701542,0.07983744309899926,0.2226902380528297,0.0,0,0.0,0.0,0.0
312,30,0.22760911900246822,0.13399471646724717,0.26313803165157945,0.0,0,0.0,0.0,0.0
313,41,0.2118961788323077,0.12728227800168043,0.24292466271113813,0.0,0,0.0,0.0,0.0
314,32,0.16127774394038755,0.07300536830314339,0.19460325723552582,0.0,0,0.0,0.0,0.0
315,42,0.2399407100649932,0.0631335126409378,0.21455057662633817,0.0,0,0.0,0.0,0.0
316,12,0.2486394214686086,0.13680543225322928,0.17559971378249975,0.0,0,0.0,0.0,0.0
317,27,0.1307502715079856,0.14632366534401317,0.16119447215056226,0.0,0,0.0,0.0,0.0
318,34,0.15688428774457006,0.053130231374751626,0.26740440611162236,0.0,0,0.0,0.0,0.0
319,40,0.23896741353845669,0.12312700669736855,0.18980811137822917,0.0,0,0.0,0.0,0.0
320,12,0.20823948261269157,0.14095245109478183,0.17666495817768724,0.0,0,0.0,0.0,0.0
321,49,0.10721419659461316,0.13573600920924986,0.2537427083353979,0.0,0,0.0,0.0,0.0
322,33,0.21722717226271224,0.14645204722702085,0.24270775114307788,0.0,0,0.0,0.0,0.0
323,41,0.22419113307662378,0.1260094078438097,0.2449784439020196,0.0,0,0.0,0.0,0.0
324,31,0.21257528871479703,0.09422987623809102,0.18433419072699203,0.0,0,0.0,0.0,0.0
325,32,0.21993056963792734,0.08119519904951304,0.18489683078440214,0.0,0,0.0,0.0,0.0
326,11,0.2237699015039196,0.08207427404381275,0.18312039446784587,0.0,0,0.0,0.0,0.0
327,36,0.12796074801822163,0.12244226726141169,0.17606288934934416,0.0,0,0.0,0.0,0.0
328,11,0.13535376190974996,0.12458370120309643,0.24835855088424844,0.0,0,0.0,0.0,0.0
329,35,0.1950637845580266,0.07003591435487126,0.2772023827874102,0.0,0,0.0,0.0,0.0
330,26,0.2361799195693774,0.1368122813490531,0.2586476204514992,0.0,0,0.0,0.0,0.0
331,49,0.1474294873444742,0.12149240402022476,0.26881404506408146,0.0,0,0.0,0.0,0.0
332,42,0.1882460013692585,0.10627502863433826,0.21071976436277998,0.0,0,0.0,0.0,0.0
333,18,0.20244730951256987,0.09715324601025127,0.24811136930579972,0.0,0,0.0,0.0,0.0
334,48,0.1677922901948559,0.10432328057899581,0.20313543606671616,0.0,0,0.0,0.0,0.0
335,38,0.2070673682282989,0.06592457382792645,0.22882569329529598,0.0,0,0.0,0.0,0.0
336,35,0.23495011679382596,0.07037012492762743,0.22224522698022933,0.0,0,0.0,0.0,0.0
337,44,0.19361523162727565,0.05911644904061917,0.17653307177157815,0.0,0,0.0,0.0,0.0
338,34,0.18096715928719495,0.06536580381611128,0.20806181405034463,0.0,0,0.0,0.0,0.0
339,33,0.16581170130825088,0.09536936346052827,0.29457334132235263,0.0,0,0.0,0.0,0.0
340,22,0.18662294063591886,0.10303543937282561,0.1872870386572413,0.0,0,0.0,0.0,0.0
341,16,0.15330436777275938,0.05178618924783194,0.1700705604419233,0.0,0,0.0,0.0,0.0
342,45,0.15872231653022528,0.12967978278640274,0.2127870932435903,0.0,0,0.0,0.0,0.0
343,29,0.1797786219532261,0.07941679733434778,0.2685506603790222,0.0,0,0.0,0.0,0.0
344,10,0.10999286685862256,0.1411836034959911,0.23732223446699582,0.0,0,0.0,0.0,0.0
345,17,0.13435380863871946,0.14675112636137777,0.25214622408573667,0.0,0,0.0,0.0,0.0
346,25,0.18142739659201135,0.06854588746766543,0.17845422722620158,0.0,0,0.0,0.0,0.0
347,23,0.1647292214704664,0.09620972907656607,0.24284222895115823,0.0,0,0.0,0.0,0.0
348,21,0.14992236788687266,0.05012318351664259,0.19852505923672106,0.0,0,0.0,0.0,0.0
349,32,0.20958237052139522,0.1098327265122427,0.2751455048932151,0.0,0,0.0,0.0,0.0
350,24,0.20405764111050076,0.11073064482626711,0.2443948209016104,0.0,0,0.0,0.0,0.0
351,37,0.12500961399900748,0.07475399556033752,0.1798284416662944,0.0,0,0.0,0.0,0.0
352,43,0.23179436730601574,0.10584126725831978,0.15969250197661292,0.0,0,0.0,0.0,0.0
353,11,0.17431354396059484,0.07255401424437355,0.1563949813930549,0.0,0,0.0,0.0,0.0
354,41,0.21121913667085682,0.066082546907819,0.2057112851475211,0.0,0,0.0,0.0,0.0
355,32,0.1859726273886083,0.11515194668022646,0.18987767049814702,0.0,0,0.0,0.0,0.0
356,31,0.2496538923885765,0.0825925463952075,0.2469135185193762,0.0,0,0.0,0.0,0.0
357,34,0.2128604680058234,0.10902639388856224,0.22490007524679273,0.0,0,0.0,0.0,0.0
358,31,0.20604706918651886,0.09332467489716556,0.1899028917008071,0.0,0,0.0,0.0,0.0
359,31,0.21678579085761265,0.14843514074029038,0.17238566669252642,0.0,0,0.0,0.0,0.0
360,15,0.12146919783227045,0.06495806426675658,0.16907996440311743,0.0,0,0.0,0.0,0.0
361,24,0.13068168897541949,0.09645985966358102,0.27969905882106266,0.0,0,0.0,0.0,0.0
362,46,0.20710961233354214,0.11804566263593252,0.1865216952607301,0.0,0,0.0,0.0,0.0
363,42,0.1740972230696294,0.08955450838799686,0.24775659718664525,0.0,0,0.0,0.0,0.0
364,17,0.2131952937790175,0.14746998518706897,0.27160288919793996,0.0,0,0.0,0.0,0.0
365,14,0.11543740461162176,0.1221887627926935,0.2421121966777104,0.0,0,0.0,0.0,0.0
366,48,0.1804722027226892,0.1156983857564493,0.27893478474704186,0.0,0,0.0,0.0,0.0
367,13,0.15682323483353736,0.12570592676112233,0.20885905822927117,0.0,0,0.0,0.0,0.0
368,15,0.16855003289225176,0.14526486380387169,0.2934333285973422,0.0,0,0.0,0.0,0.0
369,41,0.19059368081087688,0.140781865298464,0.16997175062671455,0.0,0,0.0,0.0,0.0
370,39,0.1753432521193795,0.12242853081264118,0.1653224294486307,0.0,0,0.0,0.0,0.0
371,44,0.1809790955669255,0.1249161639101283,0.24880382193111653,0.0,0,0.0,0.0,0.0
372,49,0.17295362229934116,0.06459220740351455,0.29142467121198923,0.0,0,0.0,0.0,0.0
373,25,0.161343276562824,0.06027924044926657,0.2713325192454492,0.0,0,0.0,0.0,0.0
374,22,0.21578229708973676,0.10709045018441643,0.1614625289157077,0.0,0,0.0,0.0,0.0
375,39,0.10183046084770668,0.051836763694054,0.19190515709020745,0.0,0,0.0,0.0,0.0
376,28,0.18976640518078405,0.09823563815515915,0.2895478327256735,0.0,0,0.0,0.0,0.0
377,26,0.18482625209844608,0.07103495799188686,0.18795876492011768,0.0,0,0.0,0.0,0.0
378,28,0.20742686120994283,0.08460165676448396,0.2671755635680379,0.0,0,0.0,0.0,0.0
379,37,0.18985440471659898,0.1275804735792956,0.27376982938930555,0.0,0,0.0,0.0,0.0
380,35,0.22401982417136174,0.14412375042323863,0.22431781551914726,0.0,0,0.0,0.0,0.0
381,46,0.24386121918460416,0.057241627214634154,0.2079523364772473,0.0,0,0.0,0.0,0.0
382,35,0.15137863857678152,0.10342422059764451,0.21751866486296395,0.0,0,0.0,0.0,0.0
383,32,0.13410264745449807,0.13825334858196,0.18404470415480462,0.0,0,0.0,0.0,0.0
384,18,0.16353952936307245,0.05825085344404213,0.28340863741932665,0.0,0,0.0,0.0,0.0
385,21,0.14318944247135892,0.1324514046896834,0.21759294850946367,0.0,0,0.0,0.0,0.0
386,10,0.19224253947289816,0.08578013509282714,0.28236891606841497,0.0,0,0.0,0.0,0.0
387,10,0.2367778613264447,0.08220947022193353,0.1658540219859411,0.0,0,0.0,0.0,0.0
388,43,0.12086742912145929,0.14774663863147858,0.2982412906500197,0.0,0,0.0,0.0,0.0
389,41,0.11511919045238297,0.07008590898622942,0.21649096311654273,0.0,0,0.0,0.0,0.0
390,34,0.13840232977804934,0.11931939408226809,0.1571746230591158,0.0,0,0.0,0.0,0.0
391,49,0.20891433790936012,0.13214407280098664,0.15570327723561822,0.0,0,0.0,0.0,0.0
392,10,0.18894443578882322,0.05411834952792717,0.26193108862227577,0.0,0,0.0,0.0,0.0
393,25,0.11533189963377995,0.11703854583544122,0.2488553301305521,0.0,0,0.0,0.0,0.0
394,48,0.23781257833911199,0.1451549974355327,0.2703195837191381,0.0,0,0.0,0.0,0.0
395,14,0.218512695568613,0.062421996672805936,0.1658051300929209,0.0,0,0.0,0.0,0.0
396,31,0.10345339071814563,0.1396221302685038,0.15533563005533224,0.0,0,0.0,0.0,0.0
397,38,0.1977050816482369,0.1094776637376936,0.22628689341713676,0.0,0,0.0,0.0,0.0
398,12,0.2156870002779607,0.1116604581862474,0.2081392847224154,0.0,0,0.0,0.0,0.0
399,21,0.1561653054580633,0.11129441748656059,0.21929204050064335,0.0,0,0.0,0.0,0.0
400,35,0.11033823090508282,0.07988358863373138,0.2987382613305411,0.0,0,0.0,0.0,0.0
401,25,0.1115981598233181,0.14352018152994597,0.2956124936506005,0.0,0,0.0,0.0,0.0
402,46,0.11563704490777144,0.14473504626310388,0.2913473084509789,0.0,0,0.0,0.0,0.0
403,31,0.22606594479706343,0.11253046602139478,0.26757640151515105,0.0,0,0.0,0.0,0.0
404,38,0.23660292973835695,0.12834227259416145,0.20322620403853356,0.0,0,0.0,0.0,0.0
405,23,0.11842161727686007,0.11122579858811579,0.21181963953941574,0.0,0,0.0,0.0,0.0
406,37,0.1353859051892622,0.09843984475740405,0.23244240655783865,0.0,0,0.0,0.0,0.0
407,14,0.12482807655509347,0.11608201182992507,0.27458016846072597,0.0,0,0.0,0.0,0.0
408,39,0.1279481319241181,0.10530014525919584,0.16030692487774015,0.0,0,0.0,0.0,0.0
409,14,0.2256236183503738,0.109747586263193,0.21364453288273322,0.0,0,0.0,0.0,0.0
410,21,0.14982196189824085,0.1283832553418862,0.1623926495188903,0.0,0,0.0,0.0,0.0
411,25,0.1467166396068462,0.09809038314489849,0.2271986379860267,0.0,0,0.0,0.0,0.0
412,35,0.1341093431315669,0.05407541060924728,0.2848351236009353,0.0,0,0.0,0.0,0.0
413,35,0.1911841590691388,0.06639994809894972,0.26737273868459066,0.0,0,0.0,0.0,0.0
414,30,0.15689585475783233,0.09386072164895384,0.1841763626314665,0.0,0,0.0,0.0,0.0
415,48,0.21163744777649332,0.12248265598740583,0.2963986274398189,0.0,0,0.0,0.0,0.0
416,45,0.13083697125634564,0.10932786483101788,0.25010255970696427,0.0,0,0.0,0.0,0.0
417,42,0.21816848330717387,0.11502941858734539,0.15156415490961045,0.0,0,0.0,0.0,0.0
418,39,0.19055822975952086,0.09792789285762873,0.1883120227027829,0.0,0,0.0,0.0,0.0
419,46,0.11714009500835317,0.11157420219422427,0.18910699498798747,0.0,0,0.0,0.0,0.0
420,32,0.16217568763054416,0.08290174378146623,0.16038814594287898,0.0,0,0.0,0.0,0.0
421,19,0.22952772109194355,0.0970182592696665,0.29397397771138933,0.0,0,0.0,0.0,0.0
422,14,0.23844403476977272,0.12442790655949555,0.22173829418638855,0.0,0,0.0,0.0,0.0
423,45,0.169855018347822,0.1371832778973121,0.2843721896057823,0.0,0,0.0,0.0,0.0
424,43,0.17212554671336103,0.09336553339563888,0.19833232551669425,0.0,0,0.0,0.0,0.0
425,40,0.23776820874089516,0.05436616577073612,0.16878503556492405,0.0,0,0.0,0.0,0.0
426,19,0.18806023362048507,0.06616725441468027,0.2211504164859321,0.0,0,0.0,0.0,0.0
427,28,0.10492700053651575,0.05208611392915381,0.16709349520714756,0.0,0,0.0,0.0,0.0
428,41,0.23691241943186933,0.11532630192373301,0.222902325446631,0.0,0,0.0,0.0,0.0
429,10,0.1372339664135728,0.08323146253551089,0.28804457718291115,0.0,0,0.0,0.0,0.0
430,14,0.18664479311373208,0.10424786357193674,0.2281152212751319,0.0,0,0.0,0.0,0.0
431,13,0.12482699761419608,0.09932768467837996,0.2424749590342625,0.0,0,0.0,0.0,0.0
432,25,0.10508187403698925,0.05815264895524267,0.17349576554607124,0.0,0,0.0,0.0,0.0
433,33,0.14672097566991363,0.09032613611238319,0.1565603438819954,0.0,0,0.0,0.0,0.0
434,25,0.21707435613191314,0.07205611249223233,0.16662119432697106,0.0,0,0.0,0.0,0.0
435,11,0.1416380758944127,0.09183997886676527,0.23977973635265484,0.0,0,0.0,0.0,0.0
436,37,0.13301458211216458,0.07035782803422427,0.1642517548488457,0.0,0,0.0,0.0,0.0
437,41,0.13190211765118395,0.13404524062769335,0.2063989334911967,0.0,0,0.0,0.0,0.0
438,36,0.1772760523610219,0.06741933365782536,0.23251379106872339,0.0,0,0.0,0.0,0.0
439,29,0.24633119735241343,0.14607805514869768,0.20829791979447704,0.0,0,0.0,0.0,0.0
440,33,0.16884834820255196,0.09159073661469408,0.17455257021979523,0.0,0,0.0,0.0,0.0
441,21,0.1835958053335072,0.13462452920190493,0.19106869612711597,0.0,0,0.0,0.0,0.0
442,44,0.2290948026836101,0.11287648182059451,0.28924762992728653,0.0,0,0.0,0.0,0.0
443,42,0.1802604578400488,0.12353502986657526,0.2513973413379533,0.0,0,0.0,0.0,0.0
444,42,0.1276694307128284,0.12677238880667802,0.22440717580198297,0.0,0,0.0,0.0,0.0
445,46,0.14493938676497156,0.10048448818930178,0.15190723349803403,0.0,0,0.0,0.0,0.0
446,21,0.14649053894029165,0.10433005233632883,0.2988623100734205,0.0,0,0.0,0.0,0.0
447,12,0.1595977173186397,0.10139958678087249,0.2507182402341965,0.0,0,0.0,0.0,0.0
448,10,0.16401833580051242,0.10880583780900792,0.19753837160174173,0.0,0,0.0,0.0,0.0
449,42,0.21996730331114042,0.05293944457565073,0.2818902989996757,0.0,0,0.0,0.0,0.0
450,49,0.15240804985739995,0.08955151698490152,0.18876474304377272,0.0,0,0.0,0.0,0.0
451,19,0.1702347742662069,0.11061887135611716,0.23160248687741272,0.0,0,0.0,0.0,0.0
452,38,0.19374639805765784,0.10977235652558644,0.24541061455947374,0.0,0,0.0,0.0,0.0
453,22,0.1566588921160254,0.12929560946056315,0.18315950571805925,0.0,0,0.0,0.0,0.0
454,21,0.22548472199384995,0.11550093388321085,0.2967595918200894,0.0,0,0.0,0.0,0.0
455,40,0.18811804063511114,0.14921333163406722,0.2622287858968496,0.0,0,0.0,0.0,0.0
456,11,0.14410670188314573,0.0783854528608645,0.2336719838266605,0.0,0,0.0,0.0,0.0
457,44,0.20710887996847424,0.08591510296662315,0.17708918972629512,0.0,0,0.0,0.0,0.0
458,32,0.17914715952171786,0.08838471518677962,0.1580787310497039,0.0,0,0.0,0.0,0.0
459,26,0.18016838368858704,0.09658128070202485,0.1980089748781475,0.0,0,0.0,0.0,0.0
460,35,0.1721631922581379,0.13359980637812094,0.2629781003870104,0.0,0,0.0,0.0,0.0
461,17,0.17455179232318735,0.07357920939592098,0.19039969474530374,0.0,0,0.0,0.0,0.0
462,38,0.2148034421599361,0.12760002070354295,0.23093343307432576,0.0,0,0.0,0.0,0.0
463,35,0.11544722189969733,0.09053101830857434,0.25919207650961146,0.0,0,0.0,0.0,0.0
464,19,0.15015442169657234,0.11018553836620085,0.16619155719696965,0.0,0,0.0,0.0,0.0
465,35,0.11132550457058339,0.11325405332263061,0.252794702417381,0.0,0,0.0,0.0,0.0
466,43,0.21298693311211764,0.08728486371889345,0.1637806331565067,0.0,0,0.0,0.0,0.0
467,50,0.14084527820804493,0.10126152052058052,0.29476946131904946,0.0,0,0.0,0.0,0.0
468,16,0.23461456147283263,0.0913031174647697,0.22325911950974092,0.0,0,0.0,0.0,0.0
469,13,0.17898676999889407,0.056913278618661946,0.1726014161564816,0.0,0,0.0,0.0,0.0
470,20,0.22011246572291815,0.09371653888168266,0.20135754540503198,0.0,0,0.0,0.0,0.0
471,38,0.24683971534239418,0.05973933925535522,0.21201246739428922,0.0,0,0.0,0.0,0.0
472,45,0.2259683289184856,0.09050207990803215,0.2637277516614806,0.0,0,0.0,0.0,0.0
473,34,0.23004906400172853,0.10929183998317818,0.2615135679114914,0.0,0,0.0,0.0,0.0
474,30,0.1611976743047267,0.10794148993435007,0.24179107580059964,0.0,0,0.0,0.0,0.0
475,45,0.18275838928890095,0.11626212790083203,0.16588960688377394,0.0,0,0.0,0.0,0.0
476,19,0.13808328460649566,0.05952615079546263,0.17273540573815102,0.0,0,0.0,0.0,0.0
477,46,0.12941696495401792,0.11521232455304378,0.1640635380968335,0.0,0,0.0,0.0,0.0
478,18,0.17582618186590507,0.0812148056696447,0.2365759174931325,0.0,0,0.0,0.0,0.0
479,33,0.18925734695506308,0.08990459461371111,0.28157076622671057,0.0,0,0.0,0.0,0.0
480,44,0.15089068688442864,0.13579862539227058,0.21507007683821577,0.0,0,0.0,0.0,0.0
481,44,0.18541652766452504,0.05090304041295503,0.17412722609366194,0.0,0,0.0,0.0,0.0
482,45,0.23311907237702545,0.10884126333406054,0.23370634877234503,0.0,0,0.0,0.0,0.0
483,27,0.1835082377175049,0.10987139801001075,0.27176283252985645,0.0,0,0.0,0.0,0.0
484,48,0.208121964446576,0.0896659776343562,0.2612568092269395,0.0,0,0.0,0.0,0.0
485,41,0.22079724510368576,0.07370278571083362,0.2822176169512532,0.0,0,0.0,0.0,0.0
486,33,0.24830931729331643,0.0734674038261551,0.19168531458733018,0.0,0,0.0,0.0,0.0
487,32,0.19047961032654695,0.13837096696607526,0.17909308009016622,0.0,0,0.0,0.0,0.0
488,41,0.2210275223443879,0.09420243737828575,0.2819724728912908,0.0,0,0.0,0.0,0.0
489,46,0.2443973977832312,0.0830889362989172,0.24863404691670346,0.0,0,0.0,0.0,0.0
490,21,0.24166145883659101,0.0948777573831403,0.19663933950113313,0.0,0,0.0,0.0,0.0
491,22,0.12116227731665705,0.11693904014593613,0.26135220758587635,0.0,0,0.0,0.0,0.0
492,32,0.1609588462410283,0.06457565682447518,0.2722677576720552,0.0,0,0.0,0.0,0.0
493,34,0.14859850916601994,0.09494338352137377,0.24224673605116984,0.0,0,0.0,0.0,0.0
494,44,0.1130387522425524,0.1087884371110387,0.25318261648198725,0.0,0,0.0,0.0,0.0
495,50,0.19498611623664408,0.14485833548514337,0.20628898566639994,0.0,0,0.0,0.0,0.0
496,39,0.21038569197940035,0.07525277820754192,0.23080435010145586,0.0,0,0.0,0.0,0.0
497,26,0.22721921432003253,0.08592507479162456,0.22862387560892433,0.0,0,0.0,0.0,0.0
498,29,0.11841653344940628,0.08793585899224238,0.27720716866961576,0.0,0,0.0,0.0,0.0
499,34,0.23146661138129407,0.11055381576448828,0.27599459704232737,0.0,0,0.0,0.0,0.0
500,31,0.19643883454213798,0.08567320530400016,0.2749020704020565,0.0,0,0.0,0.0,0.0
